INSERT INTO performer 
	(performer_id, performer_name)
VALUES
	(1, 'Жуки'), 
	(2,'DEAD BLONDE'), 
	(3, 'Иванушки International'),
	(4, 'Би-2'),
	(5, 'Дора'),
	(6, 'Баста'),
	(7, 'Макс Корж'),
	(8, 'MATRANG'),
	(9, 'Элджей'),
	(10, 'MiyaGi'),
	(11, 'FEDUK'),
	(12, 'Петлюра'),
	(13, 'Михаил Круг')
;

INSERT INTO musical_ganre 
	(musical_ganre_id, name_of_the_ganre)
VALUES 
	(1, 'Rap'),
	(2, 'Rock'),
	(3, 'Pop'),
	(4, 'Rhythm and blues'),
	(5, 'Chanson')
;

INSERT INTO performer_musical_ganre 
	(performer_id, musical_ganre_id)
VALUES 
	(1, 2),
	(2, 3),
	(3, 3),
	(4, 2),
	(5, 3),
	(6, 1),
	(7, 3),
	(8, 3),
	(9, 4),
	(10, 1),
	(11, 3),
	(12, 5),
	(13, 5)
;

INSERT INTO album 
	(album_id, album_title, year_of_release)
VALUES 
	(1, 'Три', 2020),
	(2, 'ЭЙА', 2018),
	(3, 'Лунапарк', 2009),
	(4, 'Split', 2012),
	(5, '40', 2020),
	(6, 'Баста+', 2016),
	(7, 'Младшая сестра', 2019),
	(8, 'Малолетка', 1996),
	(9, 'Buster Keaton', 2019),
	(10, '25 тополоинных лет', 2021),
	(11, 'Малый повзрослел Ч.1', 2018),
	(12, 'Малый повзрослел Ч.2', 2019),
	(13, 'Разное', 2017),
	(14, 'Пропаганда', 2020),
	(15, 'Сансара', 2017),
	(16, 'Баста 3', 2016),
	(17, 'Кольщик', 2009),
	(18, 'Би-2', 2000),
	(19, 'F&Q', 2017),
	(20, 'Sayonara Boy X', 2018)
;

INSERT INTO album_performer
	(album_id, performer_id)
VALUES 
	(1, 8),
	(2, 8),
	(3, 4),
	(4, 4),
	(5, 6),
	(6, 6),
	(7, 5),
	(8, 12),
	(9, 10),
	(10, 3),
	(11, 7),
	(12, 7),
	(13, 1),
	(14, 2),
	(15, 6),
	(16, 6),
	(17, 13),
	(18, 4),
	(19, 11),
	(20, 9)
;

INSERT INTO playlist 
	(playlist_id, playlist_title, year_of_playlist)
VALUES 
	(1, 'Бате в машину', 2020),
	(2, 'Тренировка', 2018),
	(3, 'Без названия', 2015),
	(4, 'Rappp', 2021),
	(5, '2022', 2022),
	(6, 'Старые песни', 2019),
	(7, 'Плейлист для уборки', 2022),
	(8, 'Музыка', 2018)
;

INSERT INTO music_track 
	(music_track_id, track_name, track_duration, fk_album_id)
VALUES 
	(1, 'Батарейка', 208, 13),
	(2, 'Мальчик на девятке', 201, 14),
	(3, 'Тополиный пух', 210, 10),
	(4, 'Тучи', 247, 10),
	(5, 'Captain', 200, 9),
	(6, 'Sorry', 188, 9),
	(7, 'Оптимист', 189, 12),
	(8, 'Малый повзрослел', 196, 11),
	(9, 'Сансара', 361, 15),
	(10, 'Урбан', 247, 16),
	(11, 'Кольщик', 250, 17),
	(12, 'Полковнику никто не пишет', 273, 18),
	(13, 'Никто не придет', 309, 18),
	(14, 'Я хочу летать', 180, 19),
	(15, 'Младшая сестра', 205, 7),
	(16, 'Минимал', 193, 20),
	(17, 'Платье белое', 243, 8),
	(18, 'Мой друг', 201, 11)
;

INSERT INTO playlist_music_track 
	(playlist_id, music_track_id)
VALUES 
	(1, 3),
	(1, 4),
	(1, 9),
	(1, 11),
	(1, 12),
	(1, 13),
	(1, 17),
	(2, 2),
	(2, 5),
	(2, 6),
	(2, 7),
	(2, 8),
	(2, 10),
	(2, 14),
	(3, 1),
	(3, 2),
	(4, 15),
	(4, 16),
	(4, 5),
	(4, 18),
	(5, 2),
	(5, 5),
	(5, 8),
	(5, 10),
	(6, 1),
	(6, 3),
	(6, 4),
	(6, 11),
	(6, 12),
	(6, 13),
	(6, 17),
	(7, 2),
	(7, 7),
	(7, 8),
	(7, 14),
	(7, 16),
	(8, 11),
	(8, 10),
	(8, 5)
;